order_id,payment_mode ,payment_status ,payment_date
462,UPI,SUCCESS,2023-06-26
1027,Cash on Delivery,SUCCESS,2024-04-26
207,UPI,FAILED,2023-08-05
680,UPI,SUCCESS,2022-04-27
1483,Credit Card,SUCCESS,2022-09-07
808,UPI,SUCCESS,2022-05-02
1711,Net Banking,SUCCESS,2022-01-15
545,UPI,FAILED,2022-12-14
876,Credit Card,SUCCESS,2022-05-22
495,UPI,FAILED,2023-05-28
321,UPI,PENDING,2023-08-12
1465,UPI,SUCCESS,2022-04-09
1838,UPI,FAILED,2023-12-31
1779,Credit Card,SUCCESS,2022-12-14
1062,Debit Card,PENDING,2023-05-12
178,Credit Card,SUCCESS,2022-11-08
1809,Credit Card,SUCCESS,2023-04-01
899,Debit Card,PENDING,2024-03-30
1537,Credit Card,PENDING,2023-04-16
1525,UPI,SUCCESS,2023-10-08
383,UPI,SUCCESS,2022-01-27
1124,UPI,SUCCESS,2023-01-24
104,UPI,SUCCESS,2024-03-28
1606,UPI,PENDING,2023-11-30
134,UPI,FAILED,2022-12-05
1025,Credit Card,SUCCESS,2022-09-25
1271,UPI,PENDING,2024-06-14
662,Debit Card,SUCCESS,2023-02-24
1160,Cash on Delivery,SUCCESS,2022-11-13
303,Debit Card,SUCCESS,2024-06-11
1234,Cash,SUCCESS,2022-06-05
406,UPI,SUCCESS,2024-04-03
1183,Net Banking,SUCCESS,2022-05-28
119,UPI,SUCCESS,2022-10-01
1511,UPI,SUCCESS,2022-04-22
1823,UPI,SUCCESS,2023-09-26
1235,Debit Card,FAILED,2023-11-18
253,Credit Card,FAILED,2024-05-14
1812,UPI,SUCCESS,2023-12-19
951,Debit Card,SUCCESS,2023-05-21
804,UPI,SUCCESS,2024-04-27
1583,Debit Card,SUCCESS,2022-08-13
825,Net Banking,SUCCESS,2022-01-20
1543,UPI,SUCCESS,2023-03-22
885,Cash,SUCCESS,2023-09-03
218,UPI,SUCCESS,2022-09-10
1304,Credit Card,SUCCESS,2024-06-19
730,Credit Card,SUCCESS,2022-10-02
1188,UPI,SUCCESS,2022-11-27
38,Cash on Delivery,SUCCESS,2022-09-26
1874,UPI,FAILED,2022-06-23
1338,UPI,SUCCESS,2022-03-10
1319,Credit Card,SUCCESS,2023-12-03
1527,Debit Card,SUCCESS,2024-05-03
1625,Cash on Delivery,SUCCESS,2023-04-12
169,Credit Card,SUCCESS,2023-02-09
418,UPI,SUCCESS,2023-08-30
493,Cash on Delivery,SUCCESS,2024-01-19
796,UPI,SUCCESS,2023-03-03
908,Cash on Delivery,SUCCESS,2022-02-23
1301,Credit Card,SUCCESS,2022-04-04
1324,Debit Card,SUCCESS,2022-03-09
1773,Credit Card,SUCCESS,2022-09-22
423,Credit Card,SUCCESS,2023-02-26
762,UPI,PENDING,2023-07-02
1865,Cash on Delivery,SUCCESS,2024-01-02
1238,UPI,PENDING,2022-03-23
1203,Cash on Delivery,SUCCESS,2023-04-21
1096,Credit Card,SUCCESS,2023-09-19
1157,Debit Card,SUCCESS,2024-05-04
1336,Cash on Delivery,SUCCESS,2024-02-15
1195,Net Banking,FAILED,2022-05-11
334,Credit Card,SUCCESS,2022-09-15
1761,UPI,SUCCESS,2023-10-20
49,Cash,SUCCESS,2023-12-13
589,UPI,SUCCESS,2024-06-18
778,Net Banking,SUCCESS,2023-02-02
1894,Credit Card,FAILED,2023-03-23
1618,UPI,SUCCESS,2023-11-08
1896,UPI,FAILED,2023-08-04
535,Net Banking,SUCCESS,2024-06-10
282,UPI,FAILED,2022-06-07
684,Cash,FAILED,2023-05-04
1410,UPI,SUCCESS,2023-07-02
1453,UPI,SUCCESS,2023-04-22
1804,Credit Card,SUCCESS,2022-07-10
438,UPI,SUCCESS,2023-11-15
1461,UPI,FAILED,2024-03-07
1631,UPI,SUCCESS,2022-08-16
347,Credit Card,SUCCESS,2023-12-29
1938,Credit Card,SUCCESS,2022-12-02
1143,Credit Card,SUCCESS,2022-12-10
133,UPI,SUCCESS,2023-09-20
1936,Credit Card,SUCCESS,2022-04-08
419,Cash,SUCCESS,2023-05-15
4,UPI,SUCCESS,2024-03-25
1626,Net Banking,SUCCESS,2023-03-15
683,Credit Card,SUCCESS,2024-01-04
727,Debit Card,SUCCESS,2023-09-28
1498,UPI,SUCCESS,2023-12-16
1371,UPI,FAILED,2022-04-27
1071,UPI,SUCCESS,2022-04-22
1164,Credit Card,SUCCESS,2023-03-24
728,Credit Card,SUCCESS,2023-02-02
1012,Cash,FAILED,2024-04-27
661,Debit Card,SUCCESS,2023-06-26
145,UPI,SUCCESS,2023-03-06
895,Debit Card,SUCCESS,2023-12-10
103,UPI,SUCCESS,2022-06-09
1844,UPI,PENDING,2023-02-05
1797,Credit Card,SUCCESS,2023-05-24
1396,Credit Card,PENDING,2024-01-04
793,UPI,SUCCESS,2022-05-25
1717,Net Banking,FAILED,2023-01-01
1810,Cash,SUCCESS,2023-09-10
275,Cash,SUCCESS,2023-09-10
1666,Credit Card,SUCCESS,2024-02-13
522,UPI,SUCCESS,2022-01-09
1520,Debit Card,SUCCESS,2023-07-24
1710,Net Banking,SUCCESS,2023-11-16
1110,Credit Card,SUCCESS,2024-02-24
840,Cash,FAILED,2023-02-14
55,UPI,SUCCESS,2022-05-16
647,UPI,SUCCESS,2024-03-22
556,Credit Card,SUCCESS,2023-10-20
151,UPI,SUCCESS,2024-03-19
1623,UPI,SUCCESS,2022-08-11
1024,UPI,SUCCESS,2022-04-23
1078,Credit Card,SUCCESS,2023-06-16
1678,Debit Card,SUCCESS,2023-05-30
1047,Debit Card,SUCCESS,2024-02-16
547,Debit Card,FAILED,2024-02-12
1286,Debit Card,SUCCESS,2023-05-01
415,Credit Card,SUCCESS,2022-09-20
521,Credit Card,SUCCESS,2022-05-30
1893,UPI,SUCCESS,2023-05-24
295,Cash on Delivery,FAILED,2023-01-14
1105,Cash on Delivery,FAILED,2022-03-26
424,Credit Card,FAILED,2022-11-08
1882,Credit Card,FAILED,2023-07-16
298,UPI,FAILED,2024-02-12
46,UPI,SUCCESS,2023-03-15
1834,UPI,PENDING,2022-02-02
596,Debit Card,SUCCESS,2023-01-27
1906,UPI,FAILED,2023-10-29
635,Cash,SUCCESS,2022-05-12
1073,Cash,SUCCESS,2023-02-24
1515,Debit Card,PENDING,2024-02-10
731,Credit Card,SUCCESS,2022-06-03
546,Cash,PENDING,2023-12-20
473,UPI,SUCCESS,2024-03-05
697,UPI,SUCCESS,2023-09-05
1295,Debit Card,SUCCESS,2024-02-21
485,Credit Card,SUCCESS,2023-03-07
1302,Cash on Delivery,SUCCESS,2022-10-19
785,Cash,SUCCESS,2022-10-29
1753,Net Banking,SUCCESS,2024-05-05
1653,UPI,SUCCESS,2022-10-27
30,Cash,SUCCESS,2024-01-01
284,Credit Card,SUCCESS,2022-07-08
1391,Credit Card,SUCCESS,2023-10-25
177,UPI,SUCCESS,2023-10-31
1546,UPI,FAILED,2022-12-04
623,UPI,SUCCESS,2022-08-08
812,UPI,PENDING,2024-05-15
711,UPI,SUCCESS,2023-01-22
1646,Net Banking,SUCCESS,2023-01-06
835,Debit Card,SUCCESS,2024-01-29
576,Credit Card,SUCCESS,2023-05-25
1293,Credit Card,SUCCESS,2022-10-31
1579,UPI,FAILED,2023-09-16
677,Net Banking,SUCCESS,2023-12-01
2000,Credit Card,SUCCESS,2023-10-01
1189,UPI,SUCCESS,2023-05-01
1650,UPI,SUCCESS,2023-08-18
1491,UPI,SUCCESS,2022-12-27
669,Cash on Delivery,SUCCESS,2024-04-16
1966,Credit Card,FAILED,2022-03-16
1097,Credit Card,SUCCESS,2024-03-23
1429,Credit Card,SUCCESS,2023-08-10
943,Net Banking,PENDING,2022-10-14
1135,Net Banking,PENDING,2023-02-16
146,UPI,FAILED,2022-08-08
1508,Credit Card,SUCCESS,2023-06-08
824,Credit Card,FAILED,2022-09-15
107,UPI,SUCCESS,2023-09-19
881,Cash,SUCCESS,2023-04-24
1405,UPI,SUCCESS,2023-02-14
1956,Debit Card,SUCCESS,2023-03-03
1013,Net Banking,FAILED,2024-01-15
377,Cash on Delivery,SUCCESS,2023-05-28
1329,UPI,SUCCESS,2023-07-08
1616,UPI,SUCCESS,2022-01-09
1432,UPI,SUCCESS,2023-10-18
242,Debit Card,PENDING,2023-09-10
1818,UPI,SUCCESS,2022-08-21
1807,Cash on Delivery,SUCCESS,2022-03-25
1278,UPI,SUCCESS,2022-09-19
257,UPI,SUCCESS,2024-01-11
1176,Cash,SUCCESS,2024-03-24
1859,UPI,FAILED,2022-10-20
1168,Cash,SUCCESS,2023-08-07
1122,Cash on Delivery,SUCCESS,2022-05-23
1321,Net Banking,SUCCESS,2022-12-11
116,Net Banking,PENDING,2023-11-28
267,Credit Card,SUCCESS,2022-11-01
32,UPI,SUCCESS,2023-08-16
1174,UPI,FAILED,2023-04-05
1266,Credit Card,SUCCESS,2022-07-10
340,UPI,SUCCESS,2023-09-06
1343,Credit Card,SUCCESS,2022-02-08
879,UPI,SUCCESS,2023-01-04
433,Credit Card,SUCCESS,2023-09-11
1932,UPI,SUCCESS,2022-08-04
915,Debit Card,SUCCESS,2023-02-06
403,Cash on Delivery,SUCCESS,2024-03-19
1872,Cash on Delivery,FAILED,2023-12-09
750,Debit Card,SUCCESS,2023-05-22
375,Credit Card,SUCCESS,2023-02-16
868,UPI,SUCCESS,2022-04-11
1892,Cash,SUCCESS,2024-01-02
1236,Debit Card,SUCCESS,2024-03-17
754,UPI,SUCCESS,2022-12-18
364,Cash on Delivery,PENDING,2022-02-10
841,Cash,SUCCESS,2024-03-31
1962,Credit Card,SUCCESS,2023-09-05
1507,Credit Card,SUCCESS,2022-10-15
906,UPI,SUCCESS,2024-02-02
552,UPI,FAILED,2023-06-17
143,Cash,FAILED,2022-08-04
1438,Cash,SUCCESS,2022-05-28
1385,Credit Card,FAILED,2022-09-24
1740,UPI,SUCCESS,2022-04-07
1813,Credit Card,SUCCESS,2023-06-08
1139,UPI,SUCCESS,2022-09-10
1827,Credit Card,SUCCESS,2024-04-06
725,UPI,FAILED,2022-05-21
619,Net Banking,FAILED,2022-03-14
590,UPI,SUCCESS,2024-01-31
984,Cash,SUCCESS,2023-05-05
1140,Cash on Delivery,FAILED,2023-04-26
799,Net Banking,FAILED,2022-07-15
79,Net Banking,FAILED,2023-04-08
1130,Net Banking,SUCCESS,2022-07-20
1866,UPI,SUCCESS,2024-06-03
7,UPI,SUCCESS,2022-06-01
1746,UPI,SUCCESS,2023-09-25
328,Debit Card,FAILED,2022-05-28
917,Cash on Delivery,SUCCESS,2023-01-25
1900,UPI,SUCCESS,2023-07-29
1207,Cash on Delivery,SUCCESS,2022-03-14
162,Credit Card,FAILED,2024-01-03
839,Net Banking,SUCCESS,2023-09-06
1501,Credit Card,SUCCESS,2024-04-20
1995,UPI,SUCCESS,2022-11-25
496,UPI,PENDING,2023-05-11
1673,UPI,FAILED,2022-09-07
482,Cash on Delivery,SUCCESS,2022-08-05
141,Credit Card,PENDING,2022-04-05
1095,Debit Card,FAILED,2023-05-19
888,UPI,SUCCESS,2023-07-18
1603,Debit Card,SUCCESS,2024-04-25
1229,Cash on Delivery,SUCCESS,2022-12-16
1020,UPI,SUCCESS,2024-06-13
1908,UPI,FAILED,2023-07-29
724,UPI,FAILED,2022-10-31
849,Cash,SUCCESS,2023-03-03
1292,UPI,PENDING,2023-02-18
1424,Debit Card,SUCCESS,2024-03-28
1643,UPI,SUCCESS,2023-07-13
158,UPI,FAILED,2023-11-09
1316,Credit Card,FAILED,2022-01-30
381,UPI,SUCCESS,2022-09-25
1526,UPI,SUCCESS,2022-02-16
892,Cash on Delivery,SUCCESS,2023-04-24
1518,Credit Card,FAILED,2024-04-03
1359,Credit Card,SUCCESS,2024-06-03
1065,Credit Card,SUCCESS,2022-02-14
1644,Cash on Delivery,SUCCESS,2023-08-29
1523,Cash,PENDING,2024-02-23
50,Cash on Delivery,SUCCESS,2024-06-06
1996,Debit Card,SUCCESS,2022-01-29
508,Debit Card,SUCCESS,2022-09-11
204,UPI,SUCCESS,2023-04-20
847,Cash on Delivery,SUCCESS,2022-02-18
1795,UPI,SUCCESS,2022-07-05
1830,UPI,SUCCESS,2024-01-13
94,UPI,SUCCESS,2022-07-16
1294,Credit Card,SUCCESS,2022-09-29
1257,UPI,SUCCESS,2022-09-20
1341,Debit Card,FAILED,2023-04-19
1399,Credit Card,SUCCESS,2023-12-17
582,UPI,SUCCESS,2022-06-13
630,Credit Card,SUCCESS,2023-09-25
1632,UPI,SUCCESS,2024-02-19
1224,Cash on Delivery,SUCCESS,2023-08-30
1794,Cash on Delivery,FAILED,2022-04-18
1274,UPI,SUCCESS,2022-10-12
912,UPI,SUCCESS,2022-04-26
1868,Credit Card,FAILED,2024-03-05
31,Credit Card,FAILED,2024-05-30
301,UPI,PENDING,2023-02-07
1719,UPI,SUCCESS,2022-09-22
1829,Credit Card,SUCCESS,2022-02-23
246,Debit Card,SUCCESS,2022-02-23
1664,Credit Card,PENDING,2022-12-09
800,Credit Card,PENDING,2022-04-30
1693,Net Banking,SUCCESS,2023-06-25
1925,Cash,SUCCESS,2024-06-13
250,UPI,SUCCESS,2023-12-09
1308,Credit Card,PENDING,2023-10-28
1322,UPI,FAILED,2022-07-18
1253,UPI,SUCCESS,2023-05-20
1159,UPI,SUCCESS,2022-07-12
1414,Net Banking,SUCCESS,2024-04-15
599,Debit Card,SUCCESS,2022-05-18
813,Debit Card,SUCCESS,2022-12-04
228,Cash on Delivery,PENDING,2023-10-21
883,UPI,SUCCESS,2023-05-11
1808,UPI,SUCCESS,2023-07-07
1057,Net Banking,SUCCESS,2023-08-14
111,Cash on Delivery,SUCCESS,2023-05-22
875,UPI,SUCCESS,2023-11-23
434,UPI,SUCCESS,2022-11-28
291,Net Banking,SUCCESS,2022-11-04
1208,UPI,SUCCESS,2023-03-06
733,Net Banking,SUCCESS,2023-10-19
1299,Net Banking,SUCCESS,2023-05-04
1419,Cash on Delivery,FAILED,2022-04-26
1490,UPI,PENDING,2024-03-27
1134,Net Banking,SUCCESS,2024-01-09
391,UPI,SUCCESS,2024-01-29
1434,UPI,SUCCESS,2022-10-28
1023,Credit Card,SUCCESS,2024-01-27
631,Credit Card,SUCCESS,2023-10-13
1194,Cash,SUCCESS,2023-01-17
688,Debit Card,FAILED,2023-05-30
1357,Net Banking,FAILED,2022-09-05
1734,Credit Card,SUCCESS,2022-12-17
1307,UPI,SUCCESS,2023-10-20
200,Credit Card,SUCCESS,2024-06-13
710,Cash,PENDING,2023-06-17
614,UPI,SUCCESS,2023-09-01
1155,UPI,SUCCESS,2024-02-21
944,Debit Card,SUCCESS,2023-01-27
1039,Cash on Delivery,SUCCESS,2024-01-02
258,Net Banking,SUCCESS,2022-02-03
1718,Credit Card,SUCCESS,2022-01-29
1298,UPI,SUCCESS,2024-05-30
245,Net Banking,SUCCESS,2022-08-25
1475,Cash,SUCCESS,2023-12-19
182,Net Banking,SUCCESS,2022-08-14
1367,Cash,PENDING,2022-01-17
1958,Cash on Delivery,PENDING,2022-06-20
1287,UPI,SUCCESS,2022-03-23
1749,Credit Card,SUCCESS,2023-12-09
23,Cash on Delivery,SUCCESS,2022-02-22
484,UPI,PENDING,2022-05-10
511,Credit Card,SUCCESS,2022-11-13
392,Credit Card,SUCCESS,2023-08-24
675,Credit Card,FAILED,2023-06-21
256,UPI,SUCCESS,2023-01-04
1019,Credit Card,SUCCESS,2023-01-23
766,UPI,PENDING,2024-04-24
203,UPI,SUCCESS,2023-07-16
1431,Credit Card,SUCCESS,2024-06-02
924,UPI,SUCCESS,2024-04-24
1983,UPI,PENDING,2023-11-08
3,Cash on Delivery,FAILED,2024-05-23
816,Credit Card,SUCCESS,2023-08-04
1259,UPI,FAILED,2023-07-30
41,Cash on Delivery,FAILED,2022-11-28
56,UPI,PENDING,2023-09-14
1244,Debit Card,SUCCESS,2024-02-07
1878,Cash,SUCCESS,2023-11-25
1485,Cash on Delivery,SUCCESS,2023-04-28
193,UPI,SUCCESS,2022-11-11
1636,UPI,SUCCESS,2023-06-10
859,Net Banking,SUCCESS,2023-04-22
285,Credit Card,SUCCESS,2024-04-09
617,Cash,SUCCESS,2023-01-08
1471,UPI,SUCCESS,2024-01-05
580,UPI,SUCCESS,2024-02-26
1755,UPI,PENDING,2022-09-06
1154,Cash,FAILED,2023-03-02
165,Net Banking,SUCCESS,2023-05-13
1981,UPI,SUCCESS,2023-01-30
1386,Cash on Delivery,SUCCESS,2022-04-22
1739,UPI,SUCCESS,2022-06-30
1950,Credit Card,SUCCESS,2023-02-11
1267,UPI,FAILED,2022-07-09
420,UPI,FAILED,2024-03-27
254,Debit Card,SUCCESS,2024-01-17
332,Cash,PENDING,2024-02-25
557,Credit Card,SUCCESS,2024-06-07
1538,Credit Card,FAILED,2023-09-14
220,UPI,SUCCESS,2022-04-08
1607,Credit Card,SUCCESS,2022-07-05
955,UPI,SUCCESS,2023-05-23
1942,UPI,SUCCESS,2022-01-27
1715,Credit Card,SUCCESS,2022-12-15
1945,Credit Card,SUCCESS,2023-11-15
1021,Debit Card,SUCCESS,2023-01-02
637,UPI,SUCCESS,2022-08-10
983,UPI,SUCCESS,2023-07-18
622,UPI,PENDING,2023-08-18
939,Net Banking,FAILED,2024-05-16
1356,Net Banking,SUCCESS,2022-10-20
695,UPI,SUCCESS,2024-03-17
1030,Net Banking,SUCCESS,2024-04-17
1437,UPI,SUCCESS,2022-11-14
95,Debit Card,FAILED,2023-09-11
581,Credit Card,SUCCESS,2022-12-15
1104,Credit Card,SUCCESS,2022-05-04
1776,Credit Card,SUCCESS,2024-06-16
1087,UPI,SUCCESS,2023-09-12
498,Net Banking,FAILED,2022-07-24
696,UPI,SUCCESS,2022-12-27
862,Cash on Delivery,SUCCESS,2022-02-22
20,Net Banking,SUCCESS,2022-02-14
147,Cash on Delivery,FAILED,2022-11-26
1918,UPI,SUCCESS,2024-02-11
1909,Credit Card,SUCCESS,2023-11-08
1369,UPI,SUCCESS,2023-08-21
780,UPI,SUCCESS,2023-08-08
112,Credit Card,SUCCESS,2023-08-05
657,UPI,SUCCESS,2023-02-02
1000,UPI,SUCCESS,2023-05-25
1116,UPI,FAILED,2024-02-09
1165,Net Banking,SUCCESS,2022-07-28
1687,Cash,PENDING,2022-07-22
1763,Credit Card,SUCCESS,2022-11-08
518,Credit Card,SUCCESS,2024-05-25
1680,Net Banking,SUCCESS,2023-03-12
967,UPI,SUCCESS,2023-01-05
1617,UPI,SUCCESS,2024-01-08
819,UPI,SUCCESS,2024-01-03
1482,Credit Card,SUCCESS,2023-10-16
1041,UPI,SUCCESS,2023-10-11
1383,Credit Card,SUCCESS,2024-04-16
1655,UPI,SUCCESS,2022-03-13
1798,Credit Card,FAILED,2023-01-15
1554,UPI,SUCCESS,2024-06-07
1403,UPI,SUCCESS,2024-06-11
174,UPI,PENDING,2023-12-08
773,Cash on Delivery,SUCCESS,2024-05-14
233,Cash on Delivery,SUCCESS,2023-07-03
1050,UPI,FAILED,2022-03-25
384,UPI,SUCCESS,2023-08-31
1989,Cash,SUCCESS,2023-07-02
1315,UPI,PENDING,2022-03-28
168,Net Banking,SUCCESS,2022-01-31
1589,UPI,SUCCESS,2024-06-04
790,Cash,SUCCESS,2024-05-03
512,UPI,SUCCESS,2023-12-10
234,UPI,FAILED,2023-06-29
993,Credit Card,SUCCESS,2022-05-16
365,UPI,FAILED,2024-02-18
1085,Cash on Delivery,SUCCESS,2024-05-14
1473,UPI,FAILED,2024-01-13
605,UPI,SUCCESS,2024-04-17
1853,Credit Card,SUCCESS,2024-04-22
777,UPI,FAILED,2022-04-14
407,UPI,FAILED,2022-10-15
474,Cash on Delivery,SUCCESS,2023-01-17
1186,UPI,SUCCESS,2024-02-13
154,UPI,SUCCESS,2023-10-21
125,Net Banking,SUCCESS,2023-01-21
1376,UPI,SUCCESS,2023-05-26
1011,Net Banking,SUCCESS,2023-10-21
288,UPI,SUCCESS,2024-02-10
1486,UPI,PENDING,2022-02-03
1935,Cash,SUCCESS,2023-09-28
686,Credit Card,SUCCESS,2022-05-01
1688,UPI,SUCCESS,2023-12-26
1283,Credit Card,SUCCESS,2024-04-18
1373,Net Banking,SUCCESS,2022-07-24
1441,Credit Card,SUCCESS,2023-07-23
8,Net Banking,FAILED,2023-07-11
1394,Cash,FAILED,2023-08-24
566,Debit Card,SUCCESS,2022-03-17
563,Credit Card,FAILED,2024-03-26
1665,Net Banking,SUCCESS,2023-12-30
1581,Net Banking,SUCCESS,2023-12-04
792,Net Banking,PENDING,2022-05-02
394,Credit Card,PENDING,2022-06-10
1092,Net Banking,SUCCESS,2024-03-14
22,Cash on Delivery,FAILED,2024-02-06
949,Cash on Delivery,PENDING,2022-11-15
715,UPI,SUCCESS,2023-02-05
451,Credit Card,FAILED,2023-04-13
1656,UPI,SUCCESS,2023-03-15
1082,UPI,FAILED,2024-03-15
427,Credit Card,SUCCESS,2023-04-13
1252,Credit Card,SUCCESS,2024-02-05
9,UPI,FAILED,2023-08-03
1313,Net Banking,SUCCESS,2024-02-23
1084,UPI,FAILED,2022-06-30
379,UPI,PENDING,2023-12-10
223,UPI,SUCCESS,2022-11-26
1668,Cash on Delivery,SUCCESS,2022-10-01
503,Debit Card,SUCCESS,2024-06-16
1362,UPI,SUCCESS,2023-11-19
63,UPI,SUCCESS,2022-05-19
1904,UPI,SUCCESS,2024-04-06
1702,UPI,SUCCESS,2022-09-20
1871,Credit Card,SUCCESS,2022-07-06
329,UPI,SUCCESS,2022-10-21
458,Cash on Delivery,SUCCESS,2023-02-20
1784,Cash,SUCCESS,2023-12-03
1565,Net Banking,SUCCESS,2023-07-17
1063,Credit Card,FAILED,2022-10-19
1476,UPI,SUCCESS,2023-11-19
1464,UPI,FAILED,2022-08-07
1509,Net Banking,SUCCESS,2023-06-05
1699,UPI,SUCCESS,2022-09-18
279,UPI,SUCCESS,2022-09-19
129,Credit Card,SUCCESS,2023-05-12
721,Net Banking,SUCCESS,2023-04-05
1484,UPI,SUCCESS,2024-01-19
1987,Net Banking,FAILED,2022-05-10
633,Net Banking,SUCCESS,2022-03-26
480,Credit Card,SUCCESS,2024-04-07
701,UPI,PENDING,2022-07-24
1657,Cash on Delivery,SUCCESS,2023-09-24
999,UPI,SUCCESS,2023-12-13
588,Net Banking,FAILED,2023-01-17
1215,UPI,SUCCESS,2024-03-05
1639,UPI,SUCCESS,2022-04-06
1928,UPI,SUCCESS,2023-04-27
1806,Cash,SUCCESS,2023-01-07
117,Net Banking,PENDING,2022-10-13
1536,UPI,FAILED,2022-04-18
965,Cash,SUCCESS,2022-02-19
608,Credit Card,SUCCESS,2023-09-08
1067,Credit Card,SUCCESS,2022-03-31
197,Cash on Delivery,SUCCESS,2024-05-13
520,UPI,SUCCESS,2023-06-28
1869,Cash on Delivery,SUCCESS,2022-12-19
553,UPI,SUCCESS,2023-02-08
1406,UPI,PENDING,2023-12-30
455,Credit Card,SUCCESS,2022-09-28
517,UPI,SUCCESS,2023-11-16
1674,UPI,SUCCESS,2022-10-05
1263,UPI,SUCCESS,2024-02-17
110,Cash,FAILED,2024-03-19
1676,Credit Card,SUCCESS,2023-02-18
1611,UPI,SUCCESS,2022-10-10
1990,Net Banking,SUCCESS,2023-06-04
308,Credit Card,SUCCESS,2022-06-26
1535,Credit Card,SUCCESS,2022-07-23
1450,Cash on Delivery,FAILED,2024-04-02
1769,Debit Card,SUCCESS,2022-03-12
1411,Credit Card,SUCCESS,2023-12-07
1181,Credit Card,SUCCESS,2022-03-23
431,UPI,PENDING,2022-10-09
814,UPI,SUCCESS,2024-02-19
262,Credit Card,SUCCESS,2023-09-05
1952,Credit Card,SUCCESS,2023-08-15
764,UPI,SUCCESS,2023-06-11
492,Credit Card,SUCCESS,2024-05-05
382,Cash on Delivery,SUCCESS,2022-05-25
575,Debit Card,SUCCESS,2024-01-01
887,Cash,SUCCESS,2023-03-16
1759,Debit Card,SUCCESS,2024-06-12
289,Net Banking,SUCCESS,2024-03-03
196,UPI,SUCCESS,2022-02-05
1634,UPI,SUCCESS,2024-03-03
1101,UPI,SUCCESS,2023-06-19
963,UPI,SUCCESS,2023-06-14
1672,Cash,FAILED,2023-12-11
1066,UPI,SUCCESS,2022-09-13
1335,Net Banking,PENDING,2022-04-15
681,UPI,SUCCESS,2023-08-09
1225,UPI,FAILED,2022-02-05
1907,Cash on Delivery,SUCCESS,2024-04-13
278,Cash,SUCCESS,2023-05-12
1349,Credit Card,SUCCESS,2023-08-11
817,UPI,SUCCESS,2022-06-26
1129,Net Banking,SUCCESS,2022-08-01
723,Cash,SUCCESS,2022-01-06
1420,UPI,SUCCESS,2022-04-01
1551,Debit Card,SUCCESS,2024-06-18
763,Net Banking,SUCCESS,2022-05-28
167,UPI,FAILED,2023-03-28
861,UPI,SUCCESS,2022-01-18
190,Debit Card,SUCCESS,2024-05-18
366,UPI,SUCCESS,2024-04-27
676,Cash on Delivery,PENDING,2023-04-14
1728,Debit Card,SUCCESS,2023-04-19
979,UPI,SUCCESS,2022-01-26
1651,UPI,SUCCESS,2022-08-01
467,Credit Card,SUCCESS,2024-05-16
916,Cash on Delivery,SUCCESS,2023-10-08
941,Cash,SUCCESS,2023-04-03
1246,Net Banking,PENDING,2023-08-29
1692,Credit Card,SUCCESS,2022-11-10
205,Net Banking,SUCCESS,2022-02-24
1789,Net Banking,SUCCESS,2022-09-21
476,Cash,SUCCESS,2023-07-18
1460,UPI,SUCCESS,2023-05-14
594,UPI,FAILED,2022-06-08
1428,Cash,SUCCESS,2023-03-15
668,Credit Card,SUCCESS,2022-07-24
1696,UPI,SUCCESS,2024-05-15
13,Credit Card,FAILED,2023-05-10
244,Credit Card,PENDING,2024-02-22
1439,UPI,FAILED,2024-01-06
1519,Net Banking,SUCCESS,2023-06-03
1045,Debit Card,FAILED,2023-03-17
1820,UPI,SUCCESS,2023-04-04
860,Credit Card,SUCCESS,2023-04-16
97,Net Banking,SUCCESS,2023-03-12
747,Credit Card,SUCCESS,2022-04-09
179,Debit Card,SUCCESS,2023-01-24
770,UPI,SUCCESS,2022-03-17
810,UPI,SUCCESS,2023-11-26
1919,UPI,SUCCESS,2022-03-17
404,Credit Card,PENDING,2024-01-28
1744,Cash,SUCCESS,2024-05-24
801,UPI,SUCCESS,2022-05-10
1689,Cash on Delivery,SUCCESS,2023-08-16
1014,Cash on Delivery,SUCCESS,2023-06-16
385,Cash on Delivery,SUCCESS,2023-06-04
1196,Net Banking,SUCCESS,2022-01-08
93,Credit Card,SUCCESS,2022-04-29
441,Net Banking,SUCCESS,2024-04-06
1891,UPI,SUCCESS,2022-12-19
1592,UPI,SUCCESS,2022-01-27
772,Net Banking,FAILED,2023-06-03
1915,UPI,FAILED,2023-09-17
646,Net Banking,SUCCESS,2022-09-13
265,UPI,SUCCESS,2023-10-28
1577,Credit Card,SUCCESS,2022-10-20
981,UPI,FAILED,2022-12-24
449,UPI,SUCCESS,2023-04-25
1790,UPI,FAILED,2023-09-24
1230,Net Banking,SUCCESS,2023-06-20
100,UPI,FAILED,2024-05-16
274,Credit Card,SUCCESS,2022-06-11
1930,UPI,SUCCESS,2022-09-06
489,Net Banking,SUCCESS,2022-12-14
1612,Cash on Delivery,FAILED,2022-01-07
953,Credit Card,SUCCESS,2024-05-24
1638,Cash on Delivery,PENDING,2022-09-04
1757,Cash,SUCCESS,2024-06-10
1053,Cash,SUCCESS,2022-04-23
1709,UPI,SUCCESS,2023-12-28
852,UPI,SUCCESS,2023-03-18
956,Cash,SUCCESS,2024-04-19
24,UPI,SUCCESS,2023-01-07
1481,Credit Card,PENDING,2023-12-10
372,UPI,SUCCESS,2024-02-14
562,Credit Card,FAILED,2023-11-25
264,Net Banking,SUCCESS,2023-05-17
653,UPI,SUCCESS,2022-11-26
1975,Cash,SUCCESS,2022-06-26
1984,Cash on Delivery,SUCCESS,2023-11-12
1848,Net Banking,SUCCESS,2022-09-12
704,Cash,SUCCESS,2023-07-26
1968,UPI,SUCCESS,2023-10-17
1510,UPI,PENDING,2022-06-03
1330,Cash,SUCCESS,2023-01-28
1573,UPI,SUCCESS,2023-11-02
1175,UPI,SUCCESS,2023-06-12
970,Credit Card,PENDING,2022-04-14
1670,UPI,FAILED,2023-07-19
181,Debit Card,SUCCESS,2022-09-17
402,Credit Card,SUCCESS,2024-01-10
1819,Net Banking,SUCCESS,2023-11-21
352,Net Banking,SUCCESS,2023-10-03
440,UPI,FAILED,2022-10-19
1090,Net Banking,SUCCESS,2023-11-15
712,Cash,FAILED,2024-03-05
386,UPI,SUCCESS,2024-01-07
1512,Cash on Delivery,SUCCESS,2022-12-18
1318,UPI,FAILED,2022-04-13
189,Cash,FAILED,2023-02-09
1044,UPI,FAILED,2023-09-09
102,UPI,SUCCESS,2022-01-30
1815,UPI,SUCCESS,2022-04-16
150,UPI,SUCCESS,2022-03-10
1363,Cash on Delivery,SUCCESS,2023-08-06
1106,Credit Card,SUCCESS,2022-04-07
931,UPI,PENDING,2022-02-27
1922,UPI,FAILED,2022-05-03
592,Net Banking,SUCCESS,2023-11-05
1735,Cash on Delivery,PENDING,2022-11-03
781,Cash,SUCCESS,2023-03-10
1192,UPI,SUCCESS,2023-11-10
1760,UPI,SUCCESS,2022-09-06
184,Credit Card,FAILED,2023-10-30
1457,Credit Card,SUCCESS,2023-12-31
1123,Cash on Delivery,PENDING,2023-01-10
359,Cash on Delivery,SUCCESS,2022-10-10
1629,Cash,FAILED,2024-04-29
1737,Net Banking,SUCCESS,2023-04-09
1451,Credit Card,FAILED,2023-12-08
1158,UPI,SUCCESS,2024-02-17
735,Cash on Delivery,FAILED,2024-04-27
1354,Net Banking,SUCCESS,2023-10-04
132,UPI,PENDING,2024-02-10
742,UPI,PENDING,2022-12-23
1766,UPI,SUCCESS,2023-06-16
122,UPI,SUCCESS,2024-03-22
136,UPI,SUCCESS,2023-08-11
1974,Net Banking,SUCCESS,2023-06-20
1767,Credit Card,FAILED,2024-04-10
844,Cash on Delivery,SUCCESS,2023-10-31
1401,UPI,SUCCESS,2022-10-26
1218,Net Banking,SUCCESS,2024-04-22
577,Credit Card,SUCCESS,2023-10-13
335,UPI,PENDING,2023-08-20
815,Debit Card,SUCCESS,2024-04-15
343,UPI,SUCCESS,2024-04-18
873,Cash on Delivery,SUCCESS,2024-01-16
1836,Cash on Delivery,SUCCESS,2024-05-16
1358,UPI,SUCCESS,2022-07-18
166,UPI,SUCCESS,2023-06-04
1074,Credit Card,SUCCESS,2023-10-31
525,Net Banking,SUCCESS,2023-12-08
1075,Cash,SUCCESS,2023-04-27
199,UPI,FAILED,2023-12-27
579,Net Banking,PENDING,2022-08-28
1663,UPI,SUCCESS,2022-07-07
5,Credit Card,SUCCESS,2024-05-23
1513,Cash on Delivery,FAILED,2023-03-01
212,Cash on Delivery,FAILED,2023-04-02
270,Cash on Delivery,PENDING,2023-12-02
353,Credit Card,PENDING,2024-01-21
502,Cash on Delivery,SUCCESS,2023-11-13
1544,Credit Card,PENDING,2023-07-20
934,UPI,SUCCESS,2022-01-29
1870,Credit Card,SUCCESS,2022-10-14
87,Cash on Delivery,FAILED,2023-03-29
1223,Cash,SUCCESS,2022-05-22
1241,UPI,SUCCESS,2023-06-12
884,Credit Card,FAILED,2023-02-21
611,UPI,SUCCESS,2022-05-25
497,UPI,SUCCESS,2023-03-01
92,Credit Card,FAILED,2022-08-24
2,Credit Card,SUCCESS,2022-07-21
6,UPI,FAILED,2023-06-23
507,Cash on Delivery,SUCCESS,2023-02-19
624,UPI,SUCCESS,2022-11-24
1814,Debit Card,SUCCESS,2022-10-31
230,UPI,FAILED,2023-04-07
1770,UPI,FAILED,2024-04-20
802,UPI,SUCCESS,2023-01-09
194,Cash,SUCCESS,2022-09-22
644,Cash on Delivery,FAILED,2023-01-31
425,UPI,SUCCESS,2023-07-04
687,Debit Card,SUCCESS,2022-06-26
1880,Credit Card,SUCCESS,2023-04-12
1946,UPI,SUCCESS,2023-11-02
769,UPI,SUCCESS,2022-06-06
1477,UPI,FAILED,2023-04-11
464,Credit Card,SUCCESS,2024-01-09
1562,UPI,SUCCESS,2022-09-05
937,UPI,SUCCESS,2022-09-03
1201,Cash on Delivery,SUCCESS,2022-11-25
1342,Debit Card,SUCCESS,2023-09-29
1423,Debit Card,SUCCESS,2024-04-03
1599,Cash on Delivery,SUCCESS,2022-10-08
1255,Debit Card,FAILED,2024-01-19
232,Cash,SUCCESS,2023-11-17
1279,UPI,SUCCESS,2023-06-21
560,Credit Card,SUCCESS,2022-02-28
153,Credit Card,SUCCESS,2024-04-04
417,Net Banking,PENDING,2022-09-24
1412,Net Banking,SUCCESS,2022-07-11
1503,Credit Card,SUCCESS,2023-03-01
1032,Credit Card,SUCCESS,2022-11-22
1285,UPI,SUCCESS,2023-01-15
436,Net Banking,PENDING,2022-06-03
1785,Cash on Delivery,SUCCESS,2023-07-01
1115,Debit Card,SUCCESS,2022-07-23
1028,Debit Card,FAILED,2023-11-11
1311,Credit Card,SUCCESS,2022-12-05
1927,Credit Card,SUCCESS,2024-04-17
500,UPI,SUCCESS,2022-04-06
613,Credit Card,FAILED,2023-04-19
17,UPI,SUCCESS,2022-09-19
1365,Cash on Delivery,SUCCESS,2023-02-07
1886,UPI,SUCCESS,2023-12-14
600,Cash,SUCCESS,2024-02-02
1563,Credit Card,SUCCESS,2024-03-20
456,Net Banking,PENDING,2024-03-31
946,UPI,SUCCESS,2022-10-01
390,Credit Card,SUCCESS,2024-01-27
1148,UPI,FAILED,2023-02-17
938,UPI,FAILED,2023-06-19
1166,Cash,SUCCESS,2023-09-04
616,UPI,SUCCESS,2024-02-26
118,Net Banking,SUCCESS,2023-12-06
663,Net Banking,SUCCESS,2024-03-28
163,Credit Card,SUCCESS,2023-02-06
339,Cash,SUCCESS,2022-09-15
259,Net Banking,FAILED,2023-03-06
191,Credit Card,FAILED,2022-10-10
1556,UPI,FAILED,2022-07-27
1522,Credit Card,SUCCESS,2023-01-11
627,UPI,PENDING,2024-06-11
954,Net Banking,SUCCESS,2022-04-23
435,Cash,SUCCESS,2024-05-27
470,Cash,SUCCESS,2024-05-08
74,Cash on Delivery,SUCCESS,2024-03-10
1604,UPI,FAILED,2024-01-28
1479,UPI,SUCCESS,2022-02-14
1856,UPI,SUCCESS,2023-01-09
416,UPI,FAILED,2023-02-05
758,Net Banking,SUCCESS,2023-08-21
395,Credit Card,SUCCESS,2023-03-20
27,Credit Card,SUCCESS,2023-04-09
1534,Cash,SUCCESS,2023-01-05
1708,Credit Card,FAILED,2022-01-28
651,UPI,SUCCESS,2022-05-17
843,UPI,SUCCESS,2022-10-02
1112,UPI,SUCCESS,2023-08-21
904,UPI,SUCCESS,2023-03-11
1805,Net Banking,FAILED,2022-01-16
76,UPI,SUCCESS,2022-03-09
271,Cash,PENDING,2023-09-16
1619,UPI,SUCCESS,2023-02-26
960,Cash on Delivery,SUCCESS,2022-12-17
1495,Credit Card,PENDING,2022-12-26
641,UPI,SUCCESS,2022-09-11
317,Debit Card,SUCCESS,2024-01-17
896,UPI,PENDING,2023-02-09
255,Credit Card,SUCCESS,2022-11-06
751,UPI,PENDING,2022-12-24
276,Debit Card,SUCCESS,2024-02-07
779,Net Banking,SUCCESS,2024-05-19
1056,Credit Card,SUCCESS,2023-10-31
337,UPI,FAILED,2022-11-28
1264,UPI,SUCCESS,2023-02-14
1929,Debit Card,SUCCESS,2022-08-28
568,Cash on Delivery,SUCCESS,2022-11-29
1595,Cash on Delivery,SUCCESS,2024-03-08
1467,Net Banking,SUCCESS,2022-01-12
1022,UPI,SUCCESS,2022-10-26
1877,UPI,SUCCESS,2022-01-31
1683,Credit Card,SUCCESS,2023-04-13
1567,Net Banking,SUCCESS,2024-05-07
490,UPI,PENDING,2022-10-21
1233,Cash,SUCCESS,2022-01-19
734,UPI,PENDING,2023-06-07
632,UPI,FAILED,2023-04-19
1852,Credit Card,SUCCESS,2024-06-16
1992,Credit Card,SUCCESS,2022-12-31
548,UPI,SUCCESS,2023-05-15
1985,Cash on Delivery,PENDING,2023-06-15
1822,Credit Card,SUCCESS,2023-06-15
880,UPI,SUCCESS,2024-06-06
389,UPI,SUCCESS,2022-10-04
1100,Cash,SUCCESS,2024-01-09
1226,UPI,SUCCESS,2023-08-09
1005,Debit Card,SUCCESS,2024-05-19
1647,UPI,SUCCESS,2023-12-10
465,Debit Card,FAILED,2023-07-27
1260,Cash on Delivery,SUCCESS,2022-05-13
601,UPI,SUCCESS,2022-05-18
1591,Cash,PENDING,2022-04-30
491,UPI,FAILED,2024-02-25
1504,Net Banking,SUCCESS,2023-09-28
1456,Net Banking,PENDING,2023-03-07
1452,Debit Card,SUCCESS,2022-12-31
736,Cash,FAILED,2022-11-03
479,UPI,FAILED,2023-08-12
708,Cash on Delivery,SUCCESS,2023-09-14
324,Cash,SUCCESS,2023-09-08
349,UPI,FAILED,2023-04-28
602,Credit Card,SUCCESS,2024-03-17
176,Cash on Delivery,SUCCESS,2023-01-18
1998,Credit Card,SUCCESS,2024-06-07
1572,UPI,PENDING,2022-08-10
720,Debit Card,SUCCESS,2022-04-30
1426,Debit Card,SUCCESS,2023-01-14
1380,Credit Card,SUCCESS,2022-07-31
1273,Debit Card,SUCCESS,2023-04-10
1821,Credit Card,FAILED,2024-04-20
528,Cash,PENDING,2024-01-23
1994,Debit Card,SUCCESS,2023-09-21
1128,Cash,FAILED,2024-04-06
997,Debit Card,PENDING,2024-06-01
975,UPI,FAILED,2024-02-28
930,UPI,SUCCESS,2023-03-16
1469,Cash on Delivery,SUCCESS,2023-04-12
306,UPI,SUCCESS,2023-06-05
319,UPI,SUCCESS,2024-06-08
442,UPI,SUCCESS,2022-04-24
1787,Net Banking,FAILED,2022-06-26
1883,Cash,SUCCESS,2023-01-16
1530,Net Banking,SUCCESS,2022-11-02
690,UPI,SUCCESS,2022-09-02
346,Credit Card,SUCCESS,2024-02-11
311,Credit Card,FAILED,2022-10-23
1083,UPI,SUCCESS,2022-06-20
1320,Debit Card,SUCCESS,2022-03-24
898,Cash,SUCCESS,2023-12-09
172,Cash on Delivery,SUCCESS,2023-02-14
1379,Debit Card,SUCCESS,2022-05-01
309,UPI,SUCCESS,2022-01-03
105,Credit Card,SUCCESS,2022-10-07
1630,UPI,FAILED,2024-02-07
413,Debit Card,SUCCESS,2024-06-01
1366,Debit Card,SUCCESS,2022-02-12
1609,Net Banking,SUCCESS,2024-01-31
865,Cash,SUCCESS,2023-04-22
978,Credit Card,SUCCESS,2022-03-18
571,Credit Card,SUCCESS,2022-11-07
988,Cash,FAILED,2022-10-14
1660,Credit Card,SUCCESS,2023-03-11
1270,UPI,FAILED,2022-01-24
52,UPI,FAILED,2022-09-28
214,Cash on Delivery,SUCCESS,2022-06-23
39,Debit Card,FAILED,2023-12-22
1296,Debit Card,SUCCESS,2022-07-28
1641,Debit Card,SUCCESS,2024-05-26
185,UPI,FAILED,2022-11-26
922,Debit Card,SUCCESS,2023-09-03
1060,UPI,PENDING,2023-01-07
1237,UPI,SUCCESS,2023-11-19
1458,UPI,FAILED,2022-02-22
48,Cash on Delivery,SUCCESS,2023-11-28
771,Debit Card,SUCCESS,2024-01-09
745,Credit Card,SUCCESS,2023-06-04
1346,UPI,SUCCESS,2022-02-27
603,UPI,PENDING,2022-10-27
551,UPI,SUCCESS,2023-01-04
1624,UPI,SUCCESS,2024-04-03
1444,Debit Card,SUCCESS,2022-07-16
707,UPI,FAILED,2022-06-09
826,Cash on Delivery,SUCCESS,2022-07-02
466,UPI,SUCCESS,2022-06-10
186,UPI,FAILED,2022-07-29
1898,Net Banking,SUCCESS,2022-12-04
828,Credit Card,SUCCESS,2023-11-12
863,Credit Card,SUCCESS,2022-10-26
1951,Credit Card,SUCCESS,2023-03-16
940,Credit Card,SUCCESS,2022-01-10
1800,Credit Card,PENDING,2023-09-26
414,UPI,SUCCESS,2022-01-21
850,UPI,FAILED,2023-03-04
636,UPI,SUCCESS,2024-05-08
1098,UPI,SUCCESS,2024-03-15
273,Debit Card,SUCCESS,2022-05-05
356,Credit Card,SUCCESS,2022-06-19
643,Net Banking,SUCCESS,2022-06-24
1969,UPI,SUCCESS,2022-11-14
1198,Credit Card,SUCCESS,2023-04-13
565,UPI,SUCCESS,2022-11-23
1219,UPI,SUCCESS,2022-11-14
872,Credit Card,SUCCESS,2023-04-12
788,Cash,SUCCESS,2024-03-23
1914,UPI,SUCCESS,2024-03-23
1828,Credit Card,SUCCESS,2022-11-18
36,UPI,FAILED,2023-02-06
84,Net Banking,SUCCESS,2022-11-02
1180,UPI,SUCCESS,2024-04-21
1368,Credit Card,SUCCESS,2022-06-16
1587,Net Banking,FAILED,2023-11-20
409,Cash on Delivery,FAILED,2022-01-08
330,Cash,SUCCESS,2022-07-07
1569,Cash,SUCCESS,2024-02-04
261,UPI,SUCCESS,2022-12-10
159,Credit Card,PENDING,2022-07-17
109,UPI,SUCCESS,2023-11-25
541,Debit Card,SUCCESS,2022-08-04
1381,UPI,SUCCESS,2024-04-27
891,Debit Card,SUCCESS,2022-01-17
719,Debit Card,SUCCESS,2022-10-17
1659,UPI,PENDING,2023-01-29
1008,Cash on Delivery,SUCCESS,2023-03-19
878,Cash,SUCCESS,2022-10-14
1114,Debit Card,SUCCESS,2023-03-05
316,Credit Card,SUCCESS,2023-12-21
1939,UPI,SUCCESS,2024-03-20
974,Debit Card,SUCCESS,2022-08-22
1332,UPI,PENDING,2022-12-29
830,UPI,SUCCESS,2024-02-11
1705,Debit Card,SUCCESS,2022-02-24
837,Credit Card,FAILED,2024-03-16
756,Net Banking,PENDING,2022-03-08
1738,UPI,FAILED,2023-10-09
342,UPI,SUCCESS,2023-08-18
667,Cash on Delivery,SUCCESS,2024-05-22
1007,Cash on Delivery,SUCCESS,2022-04-09
1972,Debit Card,SUCCESS,2023-06-11
1306,Credit Card,SUCCESS,2023-05-29
358,Credit Card,SUCCESS,2022-09-21
1404,Credit Card,SUCCESS,2023-09-09
405,UPI,FAILED,2023-02-28
1331,Cash,SUCCESS,2022-05-01
942,UPI,SUCCESS,2022-10-10
1920,Cash on Delivery,SUCCESS,2022-06-08
519,Net Banking,SUCCESS,2022-09-11
893,Net Banking,SUCCESS,2024-02-24
373,Credit Card,FAILED,2023-04-06
1126,UPI,SUCCESS,2023-11-10
64,UPI,SUCCESS,2023-05-11
302,Cash,PENDING,2022-03-03
1786,Credit Card,SUCCESS,2022-12-22
1068,UPI,SUCCESS,2023-06-11
1747,Net Banking,SUCCESS,2023-05-31
195,UPI,FAILED,2023-07-14
1387,Credit Card,FAILED,2023-06-08
1640,UPI,PENDING,2023-07-08
238,Credit Card,SUCCESS,2022-10-16
929,Net Banking,SUCCESS,2022-04-09
1847,UPI,SUCCESS,2024-06-12
1353,Cash,SUCCESS,2024-06-16
469,UPI,SUCCESS,2022-09-02
475,Net Banking,SUCCESS,2022-04-21
1447,Net Banking,SUCCESS,2024-01-12
1497,UPI,SUCCESS,2023-07-25
411,Debit Card,SUCCESS,2022-09-03
1035,Credit Card,SUCCESS,2024-03-26
838,Cash on Delivery,SUCCESS,2023-08-28
1832,UPI,SUCCESS,2024-05-16
58,Net Banking,SUCCESS,2022-03-05
240,Credit Card,SUCCESS,2022-06-17
1002,UPI,SUCCESS,2022-07-13
126,Credit Card,SUCCESS,2023-06-06
26,Cash,FAILED,2023-11-14
444,UPI,SUCCESS,2023-03-19
1564,UPI,SUCCESS,2024-06-16
1970,Credit Card,SUCCESS,2022-10-05
378,Credit Card,SUCCESS,2022-09-05
1745,UPI,SUCCESS,2024-02-04
1364,Net Banking,FAILED,2022-02-07
543,UPI,SUCCESS,2023-07-16
900,Credit Card,SUCCESS,2023-09-12
429,Credit Card,SUCCESS,2024-05-13
310,Cash,SUCCESS,2022-03-21
1594,UPI,SUCCESS,2024-04-10
1326,Credit Card,PENDING,2022-04-05
569,UPI,SUCCESS,2023-03-23
1885,UPI,FAILED,2022-10-24
795,Credit Card,SUCCESS,2022-09-07
794,UPI,SUCCESS,2024-01-14
1781,UPI,SUCCESS,2023-03-12
1736,UPI,FAILED,2023-01-17
811,UPI,SUCCESS,2022-08-15
1840,Cash on Delivery,SUCCESS,2024-03-06
827,Credit Card,SUCCESS,2022-04-26
1217,Cash on Delivery,SUCCESS,2023-08-04
1727,UPI,FAILED,2024-03-13
313,Debit Card,SUCCESS,2022-04-06
1228,UPI,SUCCESS,2022-11-06
1864,Cash,SUCCESS,2022-02-09
737,UPI,SUCCESS,2022-02-08
1435,Net Banking,SUCCESS,2023-09-05
1723,Credit Card,PENDING,2023-12-24
472,Credit Card,SUCCESS,2023-02-26
515,Net Banking,SUCCESS,2022-11-05
108,Net Banking,SUCCESS,2022-03-09
1539,UPI,PENDING,2022-11-21
1955,Debit Card,SUCCESS,2022-08-10
170,UPI,SUCCESS,2023-10-25
1446,Credit Card,SUCCESS,2023-02-26
202,Credit Card,SUCCESS,2023-07-26
54,UPI,PENDING,2023-03-08
1843,UPI,SUCCESS,2023-12-28
691,Credit Card,FAILED,2024-06-14
216,Net Banking,FAILED,2022-10-23
510,UPI,SUCCESS,2022-01-24
1764,Credit Card,SUCCESS,2022-04-24
1240,UPI,SUCCESS,2022-08-11
645,Cash on Delivery,SUCCESS,2024-01-26
787,Debit Card,SUCCESS,2022-12-11
1980,Cash,SUCCESS,2022-10-10
1977,UPI,FAILED,2022-08-09
1314,Net Banking,SUCCESS,2022-08-27
1714,UPI,SUCCESS,2024-03-16
836,Cash on Delivery,SUCCESS,2023-10-15
1549,UPI,SUCCESS,2023-07-05
1754,Cash,SUCCESS,2023-05-01
1427,Cash on Delivery,SUCCESS,2022-11-29
682,Net Banking,SUCCESS,2024-06-04
649,Cash,SUCCESS,2022-02-26
401,Cash on Delivery,SUCCESS,2023-03-02
478,UPI,SUCCESS,2024-05-20
829,Net Banking,SUCCESS,2023-01-29
1462,Debit Card,FAILED,2023-07-25
542,UPI,SUCCESS,2022-09-16
1350,Cash on Delivery,SUCCESS,2024-01-22
355,Net Banking,SUCCESS,2022-11-13
268,UPI,SUCCESS,2022-08-12
1608,UPI,SUCCESS,2023-04-11
1046,Credit Card,SUCCESS,2022-09-29
1825,Net Banking,SUCCESS,2023-09-08
689,UPI,SUCCESS,2022-04-04
57,Debit Card,SUCCESS,2022-08-30
583,Debit Card,SUCCESS,2022-01-21
1191,Cash,FAILED,2022-01-03
536,Cash,PENDING,2022-09-17
1069,UPI,SUCCESS,2022-06-23
935,UPI,SUCCESS,2022-02-11
1375,Debit Card,PENDING,2024-01-17
1704,Net Banking,SUCCESS,2022-01-07
315,Net Banking,FAILED,2023-05-29
1448,UPI,SUCCESS,2022-05-25
698,UPI,PENDING,2024-02-10
572,UPI,SUCCESS,2023-12-18
1151,Cash on Delivery,SUCCESS,2022-02-11
148,UPI,SUCCESS,2023-06-22
1107,Debit Card,FAILED,2023-06-10
1700,UPI,SUCCESS,2023-06-17
1861,Credit Card,SUCCESS,2024-05-29
1251,UPI,FAILED,2023-05-15
1277,Net Banking,SUCCESS,2024-06-09
1272,UPI,FAILED,2023-04-25
67,Net Banking,SUCCESS,2023-12-18
1088,UPI,SUCCESS,2024-04-23
1600,UPI,SUCCESS,2022-09-10
380,Cash on Delivery,FAILED,2022-06-10
768,Cash on Delivery,PENDING,2023-07-22
759,Credit Card,SUCCESS,2023-03-18
459,UPI,SUCCESS,2022-11-04
797,Debit Card,PENDING,2024-03-30
1352,Credit Card,FAILED,2022-10-20
1580,UPI,SUCCESS,2022-07-31
679,UPI,FAILED,2023-07-11
870,Net Banking,SUCCESS,2022-10-28
1960,UPI,SUCCESS,2022-02-23
962,Credit Card,SUCCESS,2024-02-13
1421,UPI,SUCCESS,2024-05-11
320,Cash on Delivery,SUCCESS,2022-12-12
1724,Net Banking,SUCCESS,2024-01-31
59,UPI,SUCCESS,2023-01-10
1671,Net Banking,SUCCESS,2022-10-18
1921,Debit Card,FAILED,2024-02-24
612,Credit Card,SUCCESS,2023-09-03
348,UPI,SUCCESS,2024-01-03
312,UPI,SUCCESS,2023-01-17
1141,UPI,SUCCESS,2022-11-02
152,UPI,SUCCESS,2023-07-17
1560,Net Banking,SUCCESS,2022-07-18
1545,UPI,FAILED,2023-03-19
221,Cash on Delivery,SUCCESS,2022-10-24
874,Cash on Delivery,PENDING,2023-08-16
1137,UPI,SUCCESS,2023-06-04
1178,Cash,SUCCESS,2024-03-24
738,Cash,SUCCESS,2024-06-17
72,Net Banking,SUCCESS,2022-01-17
82,Net Banking,FAILED,2023-11-18
1209,UPI,FAILED,2022-10-12
968,UPI,SUCCESS,2024-06-16
1086,Credit Card,SUCCESS,2022-01-11
1903,Credit Card,SUCCESS,2022-01-13
1442,UPI,PENDING,2023-12-14
1610,UPI,SUCCESS,2022-11-25
454,Credit Card,SUCCESS,2022-12-17
1635,UPI,SUCCESS,2022-03-26
1529,Cash on Delivery,SUCCESS,2023-12-27
1397,UPI,SUCCESS,2023-06-07
1590,Debit Card,FAILED,2023-01-26
293,Credit Card,PENDING,2022-12-30
1474,UPI,FAILED,2022-05-25
1963,Cash on Delivery,SUCCESS,2023-03-01
1171,Cash,SUCCESS,2023-09-26
34,Cash,SUCCESS,2023-09-29
77,UPI,SUCCESS,2023-06-19
774,Credit Card,PENDING,2023-11-07
574,UPI,FAILED,2024-02-15
1649,Credit Card,SUCCESS,2022-10-07
1741,UPI,SUCCESS,2023-11-25
1622,Debit Card,SUCCESS,2022-11-13
351,Credit Card,FAILED,2022-09-29
1695,Cash on Delivery,SUCCESS,2023-04-18
911,UPI,PENDING,2023-01-09
1250,Cash on Delivery,SUCCESS,2022-01-12
1890,Debit Card,SUCCESS,2022-05-16
180,Net Banking,SUCCESS,2023-11-22
620,UPI,SUCCESS,2022-10-09
857,Cash,SUCCESS,2023-08-12
530,Debit Card,FAILED,2022-04-28
706,Cash on Delivery,PENDING,2023-10-15
809,UPI,SUCCESS,2022-09-07
1325,UPI,SUCCESS,2022-08-31
1550,Debit Card,SUCCESS,2023-12-07
1089,UPI,PENDING,2022-01-03
1185,UPI,SUCCESS,2022-05-13
70,Cash on Delivery,FAILED,2024-01-27
1288,Debit Card,SUCCESS,2024-02-24
299,Cash,PENDING,2024-01-14
1648,Cash on Delivery,SUCCESS,2024-06-22
555,UPI,SUCCESS,2022-07-05
789,UPI,SUCCESS,2023-01-26
1323,Cash on Delivery,SUCCESS,2022-02-25
16,Debit Card,SUCCESS,2023-01-21
1854,Debit Card,FAILED,2022-07-09
460,Cash on Delivery,FAILED,2022-11-18
1771,Credit Card,SUCCESS,2022-10-24
397,Credit Card,SUCCESS,2022-12-03
21,Cash on Delivery,SUCCESS,2022-07-31
1146,Credit Card,SUCCESS,2022-09-28
1862,UPI,SUCCESS,2022-01-06
1337,Debit Card,FAILED,2024-03-05
